{
  "train_loss": [
    0.5283849686384201,
    0.29785447753965855,
    0.1624601746443659,
    0.0826895721256733,
    0.02208997937850654,
    0.00942679795116419,
    0.00919879121647682,
    0.003990604855061974,
    0.00285467183266519,
    0.00134057832929102,
    0.0011539497620560724,
    0.002151456483261427,
    0.0011592544869927224,
    0.0007537886849604547,
    0.0009619929746804701,
    0.001109904164195541,
    0.0013268691470784688,
    0.0005454251704577473
  ],
  "val_loss": [
    0.3727845996618271,
    0.3285820931196213,
    0.2826499566435814,
    0.3231217358261347,
    0.37294577434659004,
    0.4130064956843853,
    0.488566093146801,
    0.4472455866634846,
    0.4390846788883209,
    0.4570894055068493,
    0.47979071363806725,
    0.4950278792530298,
    0.4940786827355623,
    0.504066513851285,
    0.5035732537508011,
    0.501962685957551,
    0.5175705440342426,
    0.527879673987627
  ],
  "train_acc": [
    0.7176591375770021,
    0.8388090349075975,
    0.9353182751540041,
    0.9774127310061602,
    0.9948665297741273,
    0.9989733059548255,
    0.997946611909651,
    1.0,
    0.9989733059548255,
    1.0,
    1.0,
    1.0,
    1.0,
    1.0,
    1.0,
    1.0,
    1.0,
    1.0
  ],
  "val_acc": [
    0.8114754098360656,
    0.8442622950819673,
    0.9016393442622951,
    0.9098360655737705,
    0.9180327868852459,
    0.9139344262295082,
    0.9180327868852459,
    0.9139344262295082,
    0.9057377049180327,
    0.9180327868852459,
    0.9221311475409836,
    0.9221311475409836,
    0.9221311475409836,
    0.9262295081967213,
    0.9262295081967213,
    0.9221311475409836,
    0.9262295081967213,
    0.9262295081967213
  ],
  "train_f1": [
    0.233983286908078,
    0.26291079812206575,
    0.797427652733119,
    0.9388888888888889,
    0.986449864498645,
    0.997289972899729,
    0.9946236559139785,
    1.0,
    0.997289972899729,
    1.0,
    1.0,
    1.0,
    1.0,
    1.0,
    1.0,
    1.0,
    1.0,
    1.0
  ],
  "val_f1": [
    0.0,
    0.29629629629629634,
    0.6842105263157895,
    0.7380952380952381,
    0.761904761904762,
    0.7529411764705882,
    0.7435897435897436,
    0.746987951807229,
    0.7415730337078652,
    0.761904761904762,
    0.7654320987654321,
    0.7654320987654321,
    0.7654320987654321,
    0.775,
    0.775,
    0.7654320987654321,
    0.775,
    0.775
  ],
  "train_auc": [
    0.590052409824273,
    0.946404960093173,
    0.9912855821601068,
    0.99688966533073,
    0.9997739184050971,
    0.9999931490425786,
    0.9999177885109444,
    1.0,
    1.0,
    1.0,
    1.0,
    1.0,
    1.0,
    1.0,
    1.0,
    1.0,
    1.0,
    1.0
  ],
  "val_auc": [
    0.8575977162933686,
    0.8976723759332454,
    0.908102766798419,
    0.904259991216513,
    0.9018445322793149,
    0.9077733860342557,
    0.9115063680281073,
    0.9128238910847606,
    0.9117259552042161,
    0.9113965744400527,
    0.9117259552042161,
    0.9110671936758893,
    0.910737812911726,
    0.9110671936758893,
    0.9113965744400527,
    0.9115063680281071,
    0.9108476064997805,
    0.9104084321475627
  ],
  "train_precision": [
    0.2413793103448276,
    1.0,
    0.9841269841269841,
    0.9657142857142857,
    0.9891304347826086,
    1.0,
    0.9893048128342246,
    1.0,
    1.0,
    1.0,
    1.0,
    1.0,
    1.0,
    1.0,
    1.0,
    1.0,
    1.0,
    1.0
  ],
  "val_precision": [
    0.0,
    1.0,
    0.8666666666666667,
    0.8157894736842105,
    0.8421052631578947,
    0.8205128205128205,
    0.90625,
    0.8378378378378378,
    0.7674418604651163,
    0.8421052631578947,
    0.8857142857142857,
    0.8857142857142857,
    0.8857142857142857,
    0.9117647058823529,
    0.9117647058823529,
    0.8857142857142857,
    0.9117647058823529,
    0.9117647058823529
  ],
  "train_recall": [
    0.22702702702702704,
    0.15135135135135136,
    0.6702702702702703,
    0.9135135135135135,
    0.9837837837837838,
    0.9945945945945946,
    1.0,
    1.0,
    0.9945945945945946,
    1.0,
    1.0,
    1.0,
    1.0,
    1.0,
    1.0,
    1.0,
    1.0,
    1.0
  ],
  "val_recall": [
    0.0,
    0.17391304347826086,
    0.5652173913043478,
    0.6739130434782609,
    0.6956521739130435,
    0.6956521739130435,
    0.6304347826086957,
    0.6739130434782609,
    0.717391304347826,
    0.6956521739130435,
    0.6739130434782609,
    0.6739130434782609,
    0.6739130434782609,
    0.6739130434782609,
    0.6739130434782609,
    0.6739130434782609,
    0.6739130434782609,
    0.6739130434782609
  ]
}